alert_id,signature,proto,src_bytes,dst_bytes,duration_s,failed_logins,same_srv_rate,dst_host_count,severity,label
A00000,et-scan-portscan,TCP,10910,1882,21.616,3,0.968,336,5,attack
A00001,policy-allowed-http,TCP,2216,1761,26.461,0,0.224,23,1,benign
A00002,dns-query-normal,UDP,6672,4371,26.756,0,0.057,25,1,benign
A00003,et-dos-synflood,TCP,202517,7034,5.27,35,0.636,445,5,attack
A00004,policy-allowed-http,UDP,6719,911,15.801,1,0.179,15,2,benign
A00005,dns-query-normal,UDP,3096,3016,20.192,0,0.365,26,2,benign
A00006,et-bruteforce-ssh,TCP,457736,1303,14.137,21,0.772,458,3,attack
A00007,icmp-echo-reply,TCP,3712,1842,18.041,1,0.475,1,1,benign
A00008,tls-handshake-ok,TCP,2070,3250,2.901,1,0.419,34,2,benign
A00009,tls-handshake-ok,TCP,1601,6899,21.566,0,0.056,1,2,benign
A00010,icmp-echo-reply,TCP,4361,11394,6.117,0,0.494,26,2,benign
A00011,tls-handshake-ok,ICMP,2072,3536,14.384,1,0.292,3,2,benign
A00012,policy-allowed-http,TCP,1750,5357,10.898,1,0.063,12,2,benign
A00013,et-bruteforce-ssh,UDP,27377,2328,14.566,7,0.605,222,4,attack
A00014,et-scan-portscan,TCP,101779,7690,18.525,10,0.911,467,5,attack
A00015,policy-allowed-http,UDP,889,3214,13.22,0,0.201,18,1,benign
A00016,icmp-echo-reply,UDP,2824,5498,3.561,0,0.197,11,2,benign
A00017,tls-handshake-ok,ICMP,1240,4900,8.635,0,0.157,17,2,benign
A00018,icmp-echo-reply,UDP,5053,6828,4.49,1,0.235,6,1,benign
A00019,et-dos-synflood,TCP,352882,4274,10.973,37,0.899,77,4,attack
A00020,policy-allowed-http,TCP,1998,1428,6.075,0,0.14,34,1,benign
A00021,et-dos-synflood,TCP,162808,2048,6.142,38,0.913,400,3,attack
A00022,icmp-echo-reply,TCP,1406,6991,16.182,1,0.229,10,1,benign
A00023,et-scan-portscan,TCP,621403,2446,7.588,35,0.821,366,3,attack
A00024,et-scan-portscan,TCP,123924,2008,17.739,21,0.665,164,3,attack
A00025,dns-query-normal,TCP,4575,13780,22.439,1,0.479,17,1,benign
A00026,dns-query-normal,TCP,4693,2351,12.013,1,0.306,25,1,benign
A00027,policy-allowed-http,UDP,2445,6723,6.564,1,0.395,17,2,benign
A00028,et-malware-c2-beacon,TCP,245895,4713,12.58,33,0.827,71,4,attack
A00029,et-dos-synflood,UDP,133223,3260,15.559,17,0.669,436,4,attack
A00030,dns-query-normal,TCP,2417,1472,4.126,1,0.429,16,1,benign
A00031,icmp-echo-reply,TCP,3791,6223,20.309,0,0.139,25,1,benign
A00032,et-exploit-sql-injection,UDP,304898,7087,5.298,8,0.954,68,5,attack
A00033,icmp-echo-reply,UDP,2025,2519,13.842,0,0.217,38,2,benign
A00034,dns-query-normal,TCP,2433,2465,18.281,0,0.359,20,2,benign
A00035,policy-allowed-http,TCP,1281,1127,27.446,0,0.163,2,2,benign
A00036,tls-handshake-ok,TCP,2141,955,8.919,0,0.119,31,2,benign
A00037,et-bruteforce-ssh,TCP,165023,5056,28.143,18,0.837,147,5,attack
A00038,icmp-echo-reply,TCP,4489,4422,5.459,0,0.339,7,2,benign
A00039,icmp-echo-reply,TCP,2152,2073,2.258,1,0.155,4,1,benign
A00040,et-scan-portscan,TCP,74151,5135,6.362,28,0.77,491,4,attack
A00041,et-malware-c2-beacon,TCP,41942,5177,29.137,38,0.696,305,5,attack
A00042,et-dos-synflood,TCP,142974,2432,1.616,8,0.848,381,5,attack
A00043,et-bruteforce-ssh,TCP,238647,3321,23.439,32,0.822,147,3,attack
A00044,et-bruteforce-ssh,TCP,111812,1023,0.427,39,0.856,131,3,attack
A00045,et-dos-synflood,UDP,315633,630,3.6,12,0.782,273,5,attack
A00046,tls-handshake-ok,TCP,3781,1393,6.778,0,0.065,37,2,benign
A00047,et-dos-synflood,TCP,350635,2279,18.967,22,0.999,80,4,attack
A00048,et-dos-synflood,TCP,63495,1460,9.301,23,0.861,488,5,attack
A00049,tls-handshake-ok,TCP,572,2506,11.08,0,0.46,33,2,benign
A00050,et-bruteforce-ssh,TCP,68651,6070,29.527,24,0.912,326,5,attack
A00051,tls-handshake-ok,TCP,1433,1965,1.736,1,0.415,16,1,benign
A00052,et-exploit-sql-injection,TCP,164938,4429,7.446,39,0.785,215,3,attack
A00053,icmp-echo-reply,TCP,1638,3041,1.512,1,0.054,18,2,benign
A00054,policy-allowed-http,TCP,4327,6721,1.733,1,0.493,34,1,benign
A00055,dns-query-normal,TCP,1411,1054,20.163,0,0.138,32,1,benign
A00056,et-bruteforce-ssh,TCP,590169,2657,5.428,8,0.955,248,3,attack
A00057,et-malware-c2-beacon,TCP,119980,3239,17.823,23,0.755,462,3,attack
A00058,et-scan-portscan,ICMP,33304,12863,24.6,10,0.676,90,5,attack
A00059,et-dos-synflood,TCP,168717,4170,18.454,16,0.878,339,4,attack
A00060,et-bruteforce-ssh,UDP,85120,1747,13.064,16,0.823,494,5,attack
A00061,icmp-echo-reply,TCP,2010,2084,19.623,1,0.381,17,1,benign
A00062,dns-query-normal,ICMP,2739,11830,11.351,1,0.212,24,2,benign
A00063,et-scan-portscan,TCP,64499,6456,21.783,28,0.855,64,5,attack
A00064,icmp-echo-reply,TCP,2269,1820,15.989,0,0.257,35,1,benign
A00065,icmp-echo-reply,ICMP,3359,4099,28.343,1,0.494,34,2,benign
A00066,icmp-echo-reply,TCP,3515,721,24.684,0,0.145,34,1,benign
A00067,policy-allowed-http,TCP,3693,3683,7.255,0,0.263,5,1,benign
A00068,icmp-echo-reply,TCP,750,4289,0.498,1,0.44,6,1,benign
A00069,et-scan-portscan,TCP,58996,2231,16.762,23,0.788,207,4,attack
A00070,tls-handshake-ok,TCP,3755,5022,2.767,1,0.419,11,2,benign
A00071,et-scan-portscan,TCP,285183,2574,17.104,4,0.988,190,4,attack
A00072,dns-query-normal,UDP,2882,3773,12.642,1,0.057,6,1,benign
A00073,policy-allowed-http,TCP,2467,2778,2.797,0,0.448,3,1,benign
A00074,dns-query-normal,TCP,1349,1595,12.384,1,0.452,15,2,benign
A00075,icmp-echo-reply,TCP,1457,2556,22.513,0,0.22,31,2,benign
A00076,dns-query-normal,TCP,4946,2645,7.026,0,0.345,9,1,benign
A00077,et-dos-synflood,TCP,21480,5157,20.996,22,0.681,162,4,attack
A00078,et-exploit-sql-injection,UDP,157043,2833,17.639,3,0.795,301,4,attack
A00079,tls-handshake-ok,TCP,3419,6277,14.697,1,0.051,10,1,benign
A00080,policy-allowed-http,TCP,1732,5253,20.956,0,0.081,24,1,benign
A00081,et-scan-portscan,TCP,249447,3906,27.3,35,0.718,106,3,attack
A00082,et-exploit-sql-injection,TCP,58805,1042,28.567,31,0.683,351,3,attack
A00083,tls-handshake-ok,TCP,2135,1817,5.774,0,0.423,3,1,benign
A00084,policy-allowed-http,TCP,2368,3218,17.084,1,0.201,27,2,benign
A00085,policy-allowed-http,UDP,655,5334,8.518,0,0.112,21,1,benign
A00086,policy-allowed-http,TCP,2685,3907,13.427,0,0.112,13,2,benign
A00087,policy-allowed-http,TCP,1208,6882,27.385,1,0.244,5,2,benign
A00088,et-dos-synflood,UDP,100496,1285,28.881,21,0.868,395,5,attack
A00089,et-bruteforce-ssh,TCP,115746,3586,15.377,14,0.814,328,4,attack
A00090,dns-query-normal,TCP,3677,6060,7.631,1,0.112,16,2,benign
A00091,icmp-echo-reply,TCP,1379,2556,29.084,1,0.271,21,1,benign
A00092,icmp-echo-reply,UDP,4595,2954,2.115,1,0.265,36,2,benign
A00093,dns-query-normal,TCP,2759,1076,27.476,1,0.095,35,2,benign
A00094,icmp-echo-reply,UDP,1940,5969,9.238,0,0.052,34,1,benign
A00095,icmp-echo-reply,TCP,2112,3605,1.969,0,0.309,4,2,benign
A00096,et-scan-portscan,TCP,42570,3484,16.993,13,0.742,398,5,attack
A00097,et-dos-synflood,UDP,115264,6096,29.54,25,0.95,150,5,attack
A00098,dns-query-normal,TCP,1973,1414,1.052,1,0.151,4,2,benign
A00099,et-malware-c2-beacon,TCP,88800,2438,20.5,11,0.741,474,5,attack
A00100,policy-allowed-http,TCP,1712,2486,4.993,1,0.084,4,1,benign
A00101,policy-allowed-http,TCP,2327,785,0.257,0,0.396,33,1,benign
A00102,policy-allowed-http,TCP,1255,3888,3.777,0,0.428,7,1,benign
A00103,policy-allowed-http,TCP,925,1386,23.303,1,0.157,9,1,benign
A00104,icmp-echo-reply,UDP,1456,7163,2.144,1,0.255,12,2,benign
A00105,policy-allowed-http,TCP,1737,3525,24.846,0,0.171,32,1,benign
A00106,et-malware-c2-beacon,TCP,120664,5697,11.848,11,0.817,313,4,attack
A00107,dns-query-normal,TCP,1277,3810,26.899,0,0.368,39,1,benign
A00108,et-scan-portscan,UDP,221106,1112,12.248,36,0.928,354,5,attack
A00109,et-exploit-sql-injection,TCP,226217,2107,9.164,22,0.721,299,4,attack
A00110,et-exploit-sql-injection,TCP,43555,4188,18.196,27,0.872,303,5,attack
A00111,policy-allowed-http,ICMP,2167,5912,6.192,1,0.403,33,1,benign
A00112,et-scan-portscan,TCP,188040,1554,27.943,26,0.953,93,3,attack
A00113,dns-query-normal,TCP,1021,1887,4.98,1,0.216,36,2,benign
A00114,et-scan-portscan,UDP,32592,2251,7.323,27,0.776,333,3,attack
A00115,tls-handshake-ok,TCP,1194,3317,5.517,0,0.49,4,1,benign
A00116,policy-allowed-http,UDP,1622,6540,24.634,0,0.309,38,2,benign
A00117,et-bruteforce-ssh,TCP,244944,5532,7.426,16,0.881,187,5,attack
A00118,et-scan-portscan,UDP,247596,1001,0.859,19,0.7,299,5,attack
A00119,dns-query-normal,TCP,1320,3924,2.959,0,0.463,28,1,benign
A00120,icmp-echo-reply,TCP,2194,3233,11.084,0,0.065,5,1,benign
A00121,tls-handshake-ok,UDP,1931,2020,20.287,1,0.189,34,2,benign
A00122,policy-allowed-http,UDP,2674,10995,0.213,0,0.122,12,1,benign
A00123,policy-allowed-http,TCP,1397,12978,26.981,1,0.424,4,2,benign
A00124,et-scan-portscan,TCP,181911,2270,0.954,6,0.645,305,3,attack
A00125,et-scan-portscan,ICMP,68004,2290,4.851,25,0.931,327,5,attack
A00126,et-malware-c2-beacon,UDP,145835,9203,15.509,6,0.903,364,5,attack
A00127,policy-allowed-http,TCP,485,6184,21.294,0,0.167,1,1,benign
A00128,et-malware-c2-beacon,TCP,163998,5777,28.624,11,0.983,438,4,attack
A00129,icmp-echo-reply,TCP,1661,2479,14.835,0,0.186,8,1,benign
A00130,policy-allowed-http,TCP,1787,2886,10.575,1,0.136,17,1,benign
A00131,et-dos-synflood,TCP,311306,4844,18.431,36,0.626,216,3,attack
A00132,dns-query-normal,TCP,532,2520,7.243,0,0.38,20,2,benign
A00133,et-dos-synflood,TCP,38351,10857,8.168,36,0.989,386,4,attack
A00134,dns-query-normal,TCP,434,2014,4.176,1,0.071,30,2,benign
A00135,policy-allowed-http,TCP,2138,3140,13.687,0,0.098,36,1,benign
A00136,et-exploit-sql-injection,TCP,198253,3261,14.004,5,0.735,121,3,attack
A00137,dns-query-normal,TCP,1179,3056,29.166,0,0.388,13,1,benign
A00138,et-malware-c2-beacon,TCP,97095,3299,4.703,17,0.819,268,5,attack
A00139,et-malware-c2-beacon,TCP,174552,1610,1.329,35,0.75,150,3,attack
A00140,et-bruteforce-ssh,UDP,55199,1268,18.664,23,0.835,440,5,attack
A00141,dns-query-normal,TCP,598,5130,19.45,1,0.08,16,2,benign
A00142,policy-allowed-http,TCP,3264,4245,1.99,1,0.251,7,1,benign
A00143,icmp-echo-reply,TCP,1531,2380,13.14,1,0.162,37,1,benign
A00144,policy-allowed-http,TCP,1648,1264,26.173,0,0.297,29,2,benign
A00145,policy-allowed-http,UDP,2841,3333,24.753,0,0.479,25,1,benign
A00146,et-scan-portscan,TCP,471745,2694,15.274,15,0.647,475,4,attack
A00147,icmp-echo-reply,TCP,3000,2529,1.386,1,0.301,6,2,benign
A00148,dns-query-normal,UDP,796,4208,9.209,1,0.24,8,2,benign
A00149,et-malware-c2-beacon,TCP,303984,6077,2.83,28,0.661,349,4,attack
A00150,icmp-echo-reply,TCP,1656,4841,19.611,0,0.444,17,2,benign
A00151,et-exploit-sql-injection,TCP,98859,3454,0.461,5,0.899,492,4,attack
A00152,icmp-echo-reply,TCP,722,4417,15.913,0,0.201,27,1,benign
A00153,et-malware-c2-beacon,TCP,203930,2784,2.393,24,0.94,231,4,attack
A00154,et-malware-c2-beacon,TCP,390071,4743,29.663,5,0.661,474,4,attack
A00155,icmp-echo-reply,UDP,2295,2419,2.774,1,0.164,31,1,benign
A00156,icmp-echo-reply,TCP,3997,1455,5.982,1,0.255,35,1,benign
A00157,policy-allowed-http,TCP,870,1128,6.036,1,0.376,19,2,benign
A00158,tls-handshake-ok,TCP,4235,2073,24.216,0,0.073,15,2,benign
A00159,dns-query-normal,TCP,3839,3523,13.93,0,0.089,37,2,benign
A00160,policy-allowed-http,UDP,1842,4235,11.519,1,0.324,9,2,benign
A00161,dns-query-normal,TCP,1494,16165,23.131,1,0.195,29,1,benign
A00162,et-bruteforce-ssh,TCP,15480,2444,15.777,19,0.81,173,4,attack
A00163,tls-handshake-ok,TCP,794,1421,7.73,1,0.297,10,1,benign
A00164,icmp-echo-reply,UDP,1879,1540,12.426,1,0.401,39,1,benign
A00165,policy-allowed-http,TCP,1233,5826,26.391,0,0.18,8,2,benign
A00166,et-scan-portscan,TCP,453903,15082,24.358,5,0.747,125,3,attack
A00167,dns-query-normal,TCP,3004,4939,26.521,0,0.463,35,1,benign
A00168,et-dos-synflood,ICMP,283259,5749,27.486,16,0.968,279,3,attack
A00169,dns-query-normal,TCP,1223,2139,17.722,0,0.166,27,1,benign
A00170,tls-handshake-ok,TCP,1557,3553,21.449,0,0.155,33,2,benign
A00171,dns-query-normal,UDP,897,1699,16.592,1,0.183,34,2,benign
A00172,tls-handshake-ok,TCP,643,1698,21.725,0,0.249,27,1,benign
A00173,icmp-echo-reply,TCP,1143,2558,28.089,0,0.459,29,2,benign
A00174,policy-allowed-http,TCP,995,2080,9.907,0,0.315,1,2,benign
A00175,policy-allowed-http,TCP,1136,1078,16.646,0,0.105,39,2,benign
A00176,policy-allowed-http,UDP,1151,3512,1.549,0,0.169,5,1,benign
A00177,policy-allowed-http,TCP,1026,2156,2.882,0,0.086,6,1,benign
A00178,et-dos-synflood,UDP,271027,1255,6.634,30,0.954,267,5,attack
A00179,et-scan-portscan,TCP,2610575,1153,14.707,39,0.747,224,4,attack
A00180,et-scan-portscan,UDP,51991,2470,8.071,4,0.642,209,3,attack
A00181,et-bruteforce-ssh,TCP,201053,2496,1.168,10,0.719,54,5,attack
A00182,tls-handshake-ok,TCP,1696,8701,5.033,1,0.234,26,1,benign
A00183,icmp-echo-reply,TCP,1904,4358,6.187,0,0.429,38,1,benign
A00184,dns-query-normal,TCP,2900,2113,22.964,0,0.293,25,1,benign
A00185,dns-query-normal,TCP,5418,1103,1.379,1,0.081,34,1,benign
A00186,dns-query-normal,ICMP,1329,2188,21.866,1,0.107,18,1,benign
A00187,et-bruteforce-ssh,TCP,273457,6142,24.702,23,0.973,52,5,attack
A00188,dns-query-normal,ICMP,1340,4615,27.993,0,0.137,1,2,benign
A00189,policy-allowed-http,TCP,4393,3838,22.675,1,0.179,30,2,benign
A00190,icmp-echo-reply,TCP,1176,8120,7.168,0,0.218,27,2,benign
A00191,dns-query-normal,TCP,760,6679,8.262,0,0.311,10,2,benign
A00192,icmp-echo-reply,TCP,2483,3478,6.458,0,0.08,25,1,benign
A00193,icmp-echo-reply,TCP,1734,5512,10.862,0,0.431,26,1,benign
A00194,dns-query-normal,TCP,1606,1348,14.311,0,0.269,3,1,benign
A00195,policy-allowed-http,UDP,978,3379,8.071,0,0.486,18,1,benign
A00196,dns-query-normal,TCP,1300,2142,26.099,0,0.152,13,1,benign
A00197,dns-query-normal,TCP,3968,4555,6.433,1,0.191,7,1,benign
A00198,et-scan-portscan,TCP,21423,1451,21.531,23,0.693,380,4,attack
A00199,dns-query-normal,TCP,1037,6826,24.189,0,0.264,1,2,benign
A00200,tls-handshake-ok,TCP,3132,4374,12.612,1,0.255,38,1,benign
A00201,icmp-echo-reply,TCP,728,4406,4.304,0,0.172,17,2,benign
A00202,tls-handshake-ok,ICMP,2328,5865,17.114,1,0.318,29,1,benign
A00203,policy-allowed-http,TCP,2257,2925,0.373,1,0.34,14,1,benign
A00204,et-scan-portscan,TCP,163574,2092,25.595,34,0.943,197,4,attack
A00205,tls-handshake-ok,UDP,2575,935,11.588,0,0.213,38,2,benign
A00206,et-exploit-sql-injection,TCP,68076,8089,1.282,5,0.813,300,3,attack
A00207,et-scan-portscan,TCP,813553,2537,25.736,27,0.943,79,5,attack
A00208,dns-query-normal,ICMP,1296,2129,5.925,0,0.22,39,1,benign
A00209,tls-handshake-ok,TCP,2087,12002,7.493,1,0.445,30,1,benign
A00210,tls-handshake-ok,UDP,850,1320,20.648,0,0.115,13,1,benign
A00211,et-bruteforce-ssh,TCP,80072,1793,21.273,27,0.925,487,5,attack
A00212,dns-query-normal,UDP,1675,21597,26.365,1,0.187,14,2,benign
A00213,dns-query-normal,TCP,3310,618,17.426,0,0.143,39,1,benign
A00214,policy-allowed-http,ICMP,1694,3131,17.492,1,0.122,24,1,benign
A00215,et-bruteforce-ssh,UDP,82512,6408,0.789,8,0.884,227,3,attack
A00216,et-malware-c2-beacon,ICMP,225757,764,25.075,11,0.85,474,5,attack
A00217,policy-allowed-http,TCP,1891,5156,12.912,0,0.275,29,2,benign
A00218,icmp-echo-reply,UDP,990,1845,20.612,1,0.198,39,1,benign
A00219,et-exploit-sql-injection,TCP,71447,830,18.344,30,0.936,175,5,attack
A00220,et-dos-synflood,TCP,116559,4597,5.451,39,0.618,350,5,attack
A00221,et-bruteforce-ssh,TCP,150711,4294,11.346,20,0.775,144,5,attack
A00222,et-dos-synflood,TCP,332069,918,3.64,29,0.864,87,4,attack
A00223,et-dos-synflood,UDP,49224,3835,19.165,16,0.855,259,4,attack
A00224,icmp-echo-reply,TCP,1108,15433,12.686,0,0.101,27,2,benign
A00225,icmp-echo-reply,TCP,2918,3995,1.27,0,0.154,28,1,benign
A00226,icmp-echo-reply,TCP,5468,4223,26.784,0,0.276,9,1,benign
A00227,icmp-echo-reply,TCP,464,3610,9.455,0,0.398,32,1,benign
A00228,tls-handshake-ok,TCP,3257,9579,28.974,1,0.273,39,1,benign
A00229,icmp-echo-reply,TCP,2926,3484,7.179,0,0.208,5,1,benign
A00230,dns-query-normal,TCP,2325,2172,16.386,0,0.38,26,2,benign
A00231,tls-handshake-ok,TCP,889,2613,14.055,1,0.105,15,2,benign
A00232,dns-query-normal,TCP,1977,12088,28.401,0,0.412,13,2,benign
A00233,dns-query-normal,TCP,2741,2871,11.325,1,0.478,15,1,benign
A00234,tls-handshake-ok,ICMP,2943,992,23.855,1,0.358,34,2,benign
A00235,dns-query-normal,TCP,3327,1433,16.857,0,0.226,31,2,benign
A00236,dns-query-normal,TCP,1344,2782,6.343,1,0.173,7,1,benign
A00237,tls-handshake-ok,TCP,2314,5821,29.304,1,0.331,14,1,benign
A00238,et-malware-c2-beacon,TCP,184712,2899,21.716,17,0.92,345,3,attack
A00239,et-exploit-sql-injection,TCP,264487,671,27.622,15,0.612,327,3,attack
A00240,et-scan-portscan,TCP,265046,840,15.229,39,0.703,161,4,attack
A00241,policy-allowed-http,TCP,3049,2546,23.834,0,0.248,29,2,benign
A00242,et-scan-portscan,TCP,737158,12550,28.539,35,0.812,311,5,attack
A00243,et-dos-synflood,TCP,1130086,10862,16.216,34,0.775,213,3,attack
A00244,icmp-echo-reply,TCP,1940,3761,27.737,1,0.051,20,2,benign
A00245,policy-allowed-http,TCP,1551,2459,9.884,0,0.433,14,1,benign
A00246,tls-handshake-ok,TCP,1237,3992,20.049,0,0.185,18,2,benign
A00247,dns-query-normal,TCP,940,1741,19.137,1,0.059,27,2,benign
A00248,policy-allowed-http,TCP,858,4150,19.016,0,0.209,35,1,benign
A00249,tls-handshake-ok,TCP,1308,4095,28.288,1,0.067,27,1,benign
A00250,dns-query-normal,ICMP,3527,4568,20.372,0,0.079,2,2,benign
A00251,et-malware-c2-beacon,ICMP,131514,3265,10.74,37,0.769,443,4,attack
A00252,tls-handshake-ok,UDP,2152,8211,27.467,1,0.158,20,1,benign
A00253,policy-allowed-http,TCP,2637,27002,20.655,0,0.155,15,1,benign
A00254,dns-query-normal,TCP,3661,1838,25.951,0,0.099,27,2,benign
A00255,tls-handshake-ok,TCP,7461,4837,25.9,1,0.139,11,2,benign
A00256,policy-allowed-http,TCP,1965,7672,27.257,0,0.425,6,2,benign
A00257,icmp-echo-reply,TCP,907,3318,20.857,0,0.201,15,2,benign
A00258,et-bruteforce-ssh,TCP,365072,2019,21.496,20,0.86,419,3,attack
A00259,tls-handshake-ok,TCP,1216,2264,12.727,0,0.427,7,1,benign
A00260,dns-query-normal,UDP,5382,2729,18.206,1,0.191,3,1,benign
A00261,tls-handshake-ok,TCP,6588,3534,4.06,0,0.341,22,1,benign
A00262,et-malware-c2-beacon,TCP,134185,2161,0.794,8,0.959,370,3,attack
A00263,policy-allowed-http,ICMP,843,3461,23.971,0,0.143,26,1,benign
A00264,tls-handshake-ok,TCP,809,3259,23.419,1,0.314,17,2,benign
A00265,et-bruteforce-ssh,TCP,104472,3846,9.382,7,0.741,319,5,attack
A00266,tls-handshake-ok,TCP,3896,3759,3.656,1,0.3,3,1,benign
A00267,tls-handshake-ok,TCP,1055,5087,5.845,0,0.123,17,1,benign
A00268,dns-query-normal,TCP,4205,11164,13.243,0,0.298,26,1,benign
A00269,policy-allowed-http,TCP,9155,4764,21.123,1,0.238,9,2,benign
A00270,tls-handshake-ok,UDP,1809,846,16.196,1,0.129,5,2,benign
A00271,tls-handshake-ok,TCP,4445,4131,12.514,0,0.464,5,1,benign
A00272,tls-handshake-ok,TCP,1984,8909,25.989,0,0.096,9,2,benign
A00273,et-malware-c2-beacon,TCP,186957,5820,28.518,22,0.854,353,3,attack
A00274,et-malware-c2-beacon,TCP,34317,3160,23.057,21,0.93,418,3,attack
A00275,icmp-echo-reply,TCP,1386,1493,1.556,1,0.19,18,1,benign
A00276,et-exploit-sql-injection,TCP,115854,2199,1.698,17,0.664,220,4,attack
A00277,dns-query-normal,TCP,2330,9255,3.212,1,0.191,31,1,benign
A00278,et-dos-synflood,TCP,459372,7143,17.771,36,0.892,378,5,attack
A00279,et-bruteforce-ssh,TCP,140769,1351,16.961,17,0.678,175,5,attack
A00280,tls-handshake-ok,UDP,979,9737,3.412,1,0.071,22,2,benign
A00281,dns-query-normal,UDP,447,1771,10.958,1,0.396,9,1,benign
A00282,dns-query-normal,TCP,1418,4680,25.097,1,0.453,7,2,benign
A00283,et-bruteforce-ssh,UDP,91980,1948,16.651,35,0.62,172,3,attack
A00284,policy-allowed-http,TCP,1590,2431,9.302,1,0.358,8,2,benign
A00285,et-bruteforce-ssh,TCP,59945,2621,25.118,8,0.756,258,3,attack
A00286,icmp-echo-reply,TCP,865,2071,16.206,0,0.089,15,2,benign
A00287,tls-handshake-ok,TCP,1177,3657,21.854,0,0.345,9,2,benign
A00288,icmp-echo-reply,TCP,9870,1787,23.45,1,0.331,31,2,benign
A00289,icmp-echo-reply,TCP,6942,9553,14.687,0,0.077,18,2,benign
A00290,et-exploit-sql-injection,TCP,67984,15690,19.619,25,0.763,291,3,attack
A00291,tls-handshake-ok,TCP,1875,11133,4.842,1,0.368,35,2,benign
A00292,et-scan-portscan,TCP,266327,10805,24.462,3,0.615,93,5,attack
A00293,tls-handshake-ok,TCP,1919,3492,0.077,1,0.177,5,2,benign
A00294,dns-query-normal,TCP,2135,1726,6.672,1,0.082,11,2,benign
A00295,dns-query-normal,TCP,3821,3267,23.126,1,0.152,26,1,benign
A00296,et-exploit-sql-injection,TCP,48435,5411,17.184,27,0.951,133,3,attack
A00297,et-malware-c2-beacon,TCP,326647,2735,29.283,27,0.988,482,5,attack
A00298,icmp-echo-reply,TCP,567,10598,25.578,0,0.221,16,2,benign
A00299,policy-allowed-http,TCP,1394,3778,23.157,1,0.433,32,2,benign
A00300,et-scan-portscan,ICMP,268038,10227,8.267,32,0.799,56,4,attack
A00301,tls-handshake-ok,TCP,1942,2565,5.191,0,0.458,37,1,benign
A00302,tls-handshake-ok,TCP,1045,6848,16.772,0,0.232,24,1,benign
A00303,dns-query-normal,UDP,2373,4911,12.158,0,0.088,24,1,benign
A00304,policy-allowed-http,TCP,435,1350,12.151,0,0.181,18,2,benign
A00305,dns-query-normal,ICMP,1504,5778,28.356,0,0.26,21,1,benign
A00306,tls-handshake-ok,TCP,2220,4479,29.909,0,0.475,39,1,benign
A00307,tls-handshake-ok,UDP,1040,1303,27.276,0,0.295,23,2,benign
A00308,icmp-echo-reply,TCP,2228,3250,1.67,0,0.098,16,2,benign
A00309,et-exploit-sql-injection,TCP,121123,3727,13.804,37,0.968,430,5,attack
A00310,et-malware-c2-beacon,UDP,202761,3627,7.171,18,0.913,482,5,attack
A00311,et-malware-c2-beacon,TCP,78956,7122,13.153,28,0.64,427,4,attack
A00312,dns-query-normal,UDP,641,683,24.009,0,0.447,36,1,benign
A00313,tls-handshake-ok,TCP,3148,1037,1.166,0,0.18,37,2,benign
A00314,tls-handshake-ok,UDP,5504,1528,27.375,0,0.393,22,1,benign
A00315,policy-allowed-http,TCP,3727,4307,27.547,1,0.261,25,1,benign
A00316,et-dos-synflood,TCP,144432,3234,28.432,10,0.813,105,5,attack
A00317,dns-query-normal,UDP,2705,367,9.684,0,0.174,4,1,benign
A00318,dns-query-normal,UDP,4921,3825,3.051,1,0.43,31,1,benign
A00319,et-scan-portscan,TCP,80209,3705,1.268,29,0.627,368,4,attack
A00320,policy-allowed-http,UDP,1717,1032,9.985,1,0.319,28,2,benign
A00321,icmp-echo-reply,TCP,1820,1688,11.821,0,0.132,2,2,benign
A00322,policy-allowed-http,UDP,2245,2001,9.047,1,0.417,8,1,benign
A00323,icmp-echo-reply,TCP,1452,2230,29.701,0,0.056,11,2,benign
A00324,tls-handshake-ok,TCP,3505,229,27.317,0,0.478,3,2,benign
A00325,et-bruteforce-ssh,UDP,110195,3210,12.991,16,0.986,57,5,attack
A00326,icmp-echo-reply,TCP,1741,10284,22.251,0,0.289,19,1,benign
A00327,icmp-echo-reply,TCP,1735,8239,28.594,1,0.156,7,1,benign
A00328,et-bruteforce-ssh,TCP,144740,9431,5.44,26,0.785,428,5,attack
A00329,dns-query-normal,UDP,1049,1541,3.616,0,0.492,15,2,benign
A00330,dns-query-normal,TCP,2596,5215,24.616,0,0.104,37,1,benign
A00331,tls-handshake-ok,TCP,4216,11404,11.515,0,0.232,11,2,benign
A00332,policy-allowed-http,TCP,2916,1485,15.733,0,0.225,38,1,benign
A00333,icmp-echo-reply,TCP,1746,1285,0.781,0,0.19,16,1,benign
A00334,icmp-echo-reply,UDP,1949,2948,12.738,0,0.292,37,1,benign
A00335,dns-query-normal,TCP,1921,3074,27.444,0,0.359,3,1,benign
A00336,et-scan-portscan,TCP,235777,2148,5.875,28,0.902,310,4,attack
A00337,dns-query-normal,TCP,1093,2450,27.308,0,0.104,26,2,benign
A00338,icmp-echo-reply,UDP,1921,6707,20.425,0,0.474,23,2,benign
A00339,icmp-echo-reply,ICMP,1414,2644,11.506,0,0.194,31,1,benign
A00340,policy-allowed-http,TCP,1190,5286,22.334,1,0.165,7,1,benign
A00341,tls-handshake-ok,TCP,1124,1678,10.986,1,0.114,8,1,benign
A00342,icmp-echo-reply,UDP,3350,915,16.103,0,0.14,32,1,benign
A00343,icmp-echo-reply,TCP,1795,4000,6.12,1,0.063,8,2,benign
A00344,et-dos-synflood,TCP,81608,2039,20.635,38,0.66,60,5,attack
A00345,tls-handshake-ok,ICMP,1220,2347,18.563,0,0.476,14,1,benign
A00346,et-exploit-sql-injection,TCP,108774,4265,25.732,19,0.883,267,4,attack
A00347,policy-allowed-http,UDP,2234,2409,19.352,1,0.182,16,1,benign
A00348,icmp-echo-reply,TCP,1979,2348,11.816,1,0.332,26,1,benign
A00349,et-malware-c2-beacon,UDP,69884,1199,0.297,39,0.715,494,4,attack
A00350,et-dos-synflood,TCP,32085,5818,27.768,26,0.896,172,3,attack
A00351,icmp-echo-reply,TCP,6941,6767,14.515,1,0.228,13,2,benign
A00352,policy-allowed-http,TCP,2099,6192,0.561,1,0.306,13,2,benign
A00353,et-scan-portscan,TCP,313452,2935,4.315,3,0.723,124,3,attack
A00354,dns-query-normal,TCP,2670,2053,7.878,1,0.399,14,2,benign
A00355,dns-query-normal,TCP,6214,1312,16.26,0,0.078,29,2,benign
A00356,et-exploit-sql-injection,TCP,706718,3688,28.459,28,0.865,149,3,attack
A00357,et-scan-portscan,TCP,53927,6699,0.043,23,0.833,135,5,attack
A00358,tls-handshake-ok,TCP,1499,1131,29.981,1,0.092,12,2,benign
A00359,icmp-echo-reply,UDP,1452,1781,29.796,1,0.376,32,1,benign
A00360,policy-allowed-http,TCP,781,3878,18.851,1,0.133,29,1,benign
A00361,et-bruteforce-ssh,UDP,1417446,3509,8.604,36,0.851,362,3,attack
A00362,dns-query-normal,TCP,2746,4262,29.1,0,0.188,17,2,benign
A00363,et-exploit-sql-injection,ICMP,90636,4137,28.856,4,0.918,180,4,attack
A00364,icmp-echo-reply,TCP,5952,1398,21.056,1,0.365,15,1,benign
A00365,et-malware-c2-beacon,TCP,32994,654,9.986,31,0.986,391,5,attack
A00366,dns-query-normal,TCP,2500,6246,23.746,1,0.223,31,2,benign
A00367,tls-handshake-ok,UDP,643,7339,16.396,1,0.275,10,1,benign
A00368,et-bruteforce-ssh,TCP,67274,3913,7.173,3,0.618,279,3,attack
A00369,dns-query-normal,TCP,1132,2792,14.843,1,0.442,13,1,benign
A00370,et-dos-synflood,UDP,28609,2289,29.356,13,0.976,398,5,attack
A00371,icmp-echo-reply,ICMP,2589,2327,28.921,0,0.488,7,1,benign
A00372,icmp-echo-reply,UDP,816,5506,25.326,1,0.114,7,2,benign
A00373,dns-query-normal,UDP,3265,8516,10.852,0,0.424,11,2,benign
A00374,policy-allowed-http,TCP,1963,1616,15.52,0,0.468,14,1,benign
A00375,dns-query-normal,TCP,1315,1107,20.751,0,0.308,3,2,benign
A00376,tls-handshake-ok,TCP,1160,1459,7.923,1,0.338,26,1,benign
A00377,policy-allowed-http,TCP,1074,3889,11.286,1,0.192,28,2,benign
A00378,dns-query-normal,TCP,4332,659,28.264,1,0.251,30,1,benign
A00379,et-scan-portscan,TCP,41780,966,2.493,21,0.994,306,3,attack
A00380,tls-handshake-ok,TCP,835,8242,28.587,1,0.146,21,1,benign
A00381,icmp-echo-reply,UDP,1095,9256,15.266,1,0.071,24,2,benign
A00382,icmp-echo-reply,TCP,3938,1130,5.989,0,0.303,14,2,benign
A00383,icmp-echo-reply,TCP,2177,4886,24.815,0,0.102,31,2,benign
A00384,icmp-echo-reply,ICMP,1347,2382,13.042,1,0.145,21,1,benign
A00385,icmp-echo-reply,ICMP,4044,3369,20.747,0,0.183,31,2,benign
A00386,policy-allowed-http,TCP,1978,718,9.631,0,0.298,34,1,benign
A00387,tls-handshake-ok,ICMP,2729,2263,20.19,0,0.444,11,1,benign
A00388,icmp-echo-reply,TCP,1144,1005,22.326,1,0.314,30,2,benign
A00389,tls-handshake-ok,ICMP,1466,1649,2.846,1,0.192,39,2,benign
A00390,et-exploit-sql-injection,TCP,108496,3504,3.925,21,0.831,192,3,attack
A00391,et-scan-portscan,UDP,230447,3799,19.321,8,0.971,145,4,attack
A00392,policy-allowed-http,TCP,933,2836,3.964,0,0.357,35,2,benign
A00393,dns-query-normal,TCP,3671,5047,17.107,1,0.14,15,2,benign
A00394,et-dos-synflood,TCP,459828,13622,17.478,35,0.904,405,3,attack
A00395,et-dos-synflood,TCP,114260,3010,26.912,18,0.757,140,5,attack
A00396,icmp-echo-reply,TCP,1358,2364,7.184,0,0.362,38,1,benign
A00397,et-dos-synflood,TCP,476115,3140,12.289,38,0.658,302,5,attack
A00398,dns-query-normal,TCP,1231,4058,24.711,0,0.184,5,1,benign
A00399,policy-allowed-http,TCP,2376,3009,19.714,1,0.062,10,2,benign
A00400,icmp-echo-reply,TCP,1890,6159,23.064,1,0.275,17,2,benign
A00401,policy-allowed-http,TCP,1337,1897,2.951,1,0.234,35,2,benign
A00402,policy-allowed-http,TCP,5328,5733,16.988,1,0.211,21,1,benign
A00403,et-malware-c2-beacon,UDP,249180,3089,20.603,32,0.822,178,5,attack
A00404,policy-allowed-http,TCP,481,7857,3.521,1,0.051,16,1,benign
A00405,icmp-echo-reply,TCP,3860,11775,12.828,1,0.184,37,1,benign
A00406,icmp-echo-reply,TCP,1574,3410,21.386,1,0.106,10,1,benign
A00407,policy-allowed-http,TCP,932,1388,27.273,1,0.162,32,1,benign
A00408,et-exploit-sql-injection,TCP,154419,4326,2.816,39,0.877,218,5,attack
A00409,tls-handshake-ok,TCP,2415,415,20.882,0,0.44,32,2,benign
A00410,icmp-echo-reply,TCP,6425,1980,12.368,1,0.222,11,1,benign
A00411,dns-query-normal,TCP,7402,1063,10.825,1,0.095,21,2,benign
A00412,tls-handshake-ok,TCP,2861,3892,14.313,1,0.169,14,2,benign
A00413,tls-handshake-ok,TCP,885,3067,15.303,1,0.232,22,2,benign
A00414,et-malware-c2-beacon,TCP,215793,1925,26.975,17,0.926,259,4,attack
A00415,icmp-echo-reply,TCP,4013,3962,21.905,0,0.157,17,1,benign
A00416,dns-query-normal,TCP,1155,3744,15.133,0,0.307,37,2,benign
A00417,dns-query-normal,TCP,1081,3177,22.161,0,0.293,28,1,benign
A00418,policy-allowed-http,TCP,698,960,23.062,0,0.324,30,1,benign
A00419,icmp-echo-reply,UDP,991,2234,17.016,1,0.43,36,2,benign
A00420,icmp-echo-reply,TCP,2602,2500,15.178,0,0.345,18,1,benign
A00421,et-bruteforce-ssh,TCP,253148,2767,24.093,37,0.962,164,3,attack
A00422,tls-handshake-ok,TCP,5639,4018,27.181,0,0.408,1,1,benign
A00423,policy-allowed-http,TCP,954,3320,15.299,1,0.127,3,1,benign
A00424,policy-allowed-http,UDP,2319,11047,7.828,0,0.347,36,2,benign
A00425,tls-handshake-ok,TCP,1479,6289,8.798,1,0.057,32,1,benign
A00426,icmp-echo-reply,TCP,1633,3376,0.322,0,0.161,7,2,benign
A00427,dns-query-normal,TCP,2410,1479,5.056,1,0.053,9,1,benign
A00428,dns-query-normal,TCP,4012,1718,16.585,1,0.135,31,1,benign
A00429,et-scan-portscan,ICMP,112033,10039,11.006,19,0.837,450,5,attack
A00430,dns-query-normal,TCP,1066,2081,25.385,1,0.238,23,2,benign
A00431,tls-handshake-ok,TCP,1823,852,5.961,1,0.497,36,2,benign
A00432,dns-query-normal,TCP,1281,1165,4.398,0,0.367,14,2,benign
A00433,icmp-echo-reply,TCP,861,2228,24.339,0,0.365,16,2,benign
A00434,policy-allowed-http,TCP,2633,4357,25.793,0,0.26,35,2,benign
A00435,et-scan-portscan,UDP,294088,4868,28.079,19,0.97,386,5,attack
A00436,et-bruteforce-ssh,TCP,30578,10645,7.426,27,0.989,416,4,attack
A00437,policy-allowed-http,TCP,1377,3154,1.112,1,0.129,13,1,benign
A00438,policy-allowed-http,TCP,907,910,29.567,1,0.327,35,2,benign
A00439,dns-query-normal,TCP,1451,2743,17.529,1,0.301,5,2,benign
A00440,et-bruteforce-ssh,TCP,154717,2218,3.93,13,0.928,419,4,attack
A00441,dns-query-normal,UDP,2279,1313,25.455,1,0.364,1,1,benign
A00442,dns-query-normal,TCP,1067,2029,14.727,1,0.073,18,1,benign
A00443,tls-handshake-ok,TCP,1078,1980,13.137,1,0.296,16,2,benign
A00444,icmp-echo-reply,TCP,2704,2873,19.997,1,0.274,15,2,benign
A00445,et-bruteforce-ssh,TCP,489251,4302,9.786,27,0.789,235,5,attack
A00446,icmp-echo-reply,TCP,719,12966,7.651,1,0.357,8,1,benign
A00447,icmp-echo-reply,UDP,1454,665,6.053,0,0.281,35,2,benign
A00448,et-exploit-sql-injection,UDP,25507,1467,4.822,33,0.871,100,5,attack
A00449,et-exploit-sql-injection,TCP,269145,2601,3.605,21,0.751,97,3,attack
A00450,dns-query-normal,TCP,482,6171,9.571,1,0.405,24,2,benign
A00451,dns-query-normal,TCP,2134,1075,17.803,0,0.177,14,2,benign
A00452,dns-query-normal,TCP,968,1947,12.336,1,0.209,39,2,benign
A00453,et-dos-synflood,TCP,179261,4827,24.684,23,0.902,311,3,attack
A00454,dns-query-normal,TCP,2998,1744,29.492,0,0.196,12,2,benign
A00455,et-scan-portscan,UDP,135014,3780,23.152,23,0.845,336,3,attack
A00456,policy-allowed-http,TCP,8894,4955,1.323,1,0.214,14,2,benign
A00457,icmp-echo-reply,TCP,2257,1841,20.136,1,0.188,22,2,benign
A00458,dns-query-normal,TCP,2231,4365,10.309,1,0.228,23,2,benign
A00459,policy-allowed-http,TCP,1551,5869,18.34,0,0.306,13,2,benign
A00460,tls-handshake-ok,UDP,1785,4516,12.736,0,0.45,36,1,benign
A00461,icmp-echo-reply,TCP,1634,4825,5.008,0,0.27,24,1,benign
A00462,dns-query-normal,TCP,2892,2613,12.219,0,0.267,22,2,benign
A00463,policy-allowed-http,UDP,1934,2564,4.125,0,0.178,28,2,benign
A00464,policy-allowed-http,TCP,1160,2723,0.091,0,0.081,26,2,benign
A00465,policy-allowed-http,TCP,1816,1490,8.296,1,0.15,9,1,benign
A00466,tls-handshake-ok,TCP,2483,4917,25.91,0,0.15,35,2,benign
A00467,tls-handshake-ok,TCP,1208,11049,26.385,0,0.174,30,1,benign
A00468,et-exploit-sql-injection,TCP,219338,2557,0.159,25,0.943,166,5,attack
A00469,icmp-echo-reply,TCP,3179,2212,8.164,1,0.469,1,1,benign
A00470,et-malware-c2-beacon,TCP,53988,4149,9.454,34,0.718,201,4,attack
A00471,et-scan-portscan,UDP,532243,3019,11.481,11,0.77,423,4,attack
A00472,et-exploit-sql-injection,TCP,30382,3746,19.547,22,0.978,265,4,attack
A00473,tls-handshake-ok,TCP,1919,2189,11.061,0,0.429,16,2,benign
A00474,et-bruteforce-ssh,TCP,122845,816,27.478,23,0.621,478,4,attack
A00475,icmp-echo-reply,TCP,4308,2369,0.068,1,0.315,6,2,benign
A00476,et-scan-portscan,UDP,290686,8252,2.704,34,0.766,142,3,attack
A00477,et-exploit-sql-injection,TCP,20449,4951,11.519,14,0.684,361,5,attack
A00478,policy-allowed-http,TCP,1699,2495,8.108,1,0.38,26,2,benign
A00479,tls-handshake-ok,TCP,1441,1979,17.782,1,0.202,26,2,benign
A00480,tls-handshake-ok,UDP,1834,2970,3.28,0,0.17,31,2,benign
A00481,dns-query-normal,UDP,3618,2990,13.087,0,0.078,29,1,benign
A00482,et-malware-c2-beacon,ICMP,341065,6398,6.102,16,0.775,70,4,attack
A00483,icmp-echo-reply,TCP,1021,6539,4.846,1,0.253,23,1,benign
A00484,et-exploit-sql-injection,TCP,49897,4228,18.449,32,0.681,315,5,attack
A00485,tls-handshake-ok,TCP,1046,2703,1.667,0,0.283,10,1,benign
A00486,dns-query-normal,TCP,3816,3352,6.52,1,0.085,17,2,benign
A00487,tls-handshake-ok,TCP,1214,1883,9.021,0,0.476,18,2,benign
A00488,icmp-echo-reply,TCP,790,3638,29.816,1,0.341,3,1,benign
A00489,dns-query-normal,ICMP,2824,1112,9.808,0,0.397,4,2,benign
A00490,et-scan-portscan,TCP,1183153,1297,7.329,3,0.8,393,3,attack
A00491,icmp-echo-reply,TCP,991,4031,21.998,0,0.102,22,1,benign
A00492,et-dos-synflood,UDP,214673,3981,20.245,21,0.976,296,5,attack
A00493,et-scan-portscan,UDP,362101,1831,26.375,28,0.976,391,3,attack
A00494,et-exploit-sql-injection,TCP,210900,1116,10.343,12,0.707,222,5,attack
A00495,icmp-echo-reply,TCP,988,4795,26.249,1,0.407,39,1,benign
A00496,et-malware-c2-beacon,UDP,340644,1790,17.867,26,0.944,312,4,attack
A00497,dns-query-normal,TCP,838,1301,7.452,1,0.135,11,2,benign
A00498,tls-handshake-ok,TCP,711,4727,6.052,0,0.133,19,2,benign
A00499,policy-allowed-http,TCP,1199,1053,0.037,0,0.47,28,1,benign
A00500,tls-handshake-ok,TCP,3070,9522,18.963,1,0.171,5,2,benign
A00501,icmp-echo-reply,UDP,2542,2333,21.542,0,0.193,18,2,benign
A00502,dns-query-normal,TCP,1219,8628,1.55,1,0.387,32,2,benign
A00503,icmp-echo-reply,TCP,1701,5240,15.396,1,0.207,7,1,benign
A00504,policy-allowed-http,TCP,2308,2861,22.845,1,0.218,24,1,benign
A00505,policy-allowed-http,TCP,1282,1968,10.393,0,0.345,12,1,benign
A00506,policy-allowed-http,TCP,2573,3134,8.876,0,0.244,30,1,benign
A00507,et-bruteforce-ssh,TCP,410225,5844,7.134,30,0.982,479,4,attack
A00508,dns-query-normal,TCP,2172,3466,23.793,0,0.085,1,2,benign
A00509,dns-query-normal,TCP,1760,6767,7.457,0,0.349,25,1,benign
A00510,policy-allowed-http,TCP,1170,6067,8.795,0,0.124,26,2,benign
A00511,policy-allowed-http,TCP,3333,3174,0.318,0,0.313,23,2,benign
A00512,policy-allowed-http,TCP,1129,3691,9.925,0,0.184,23,2,benign
A00513,policy-allowed-http,UDP,8673,10004,16.859,0,0.057,31,1,benign
A00514,icmp-echo-reply,TCP,1014,3497,3.968,0,0.081,26,1,benign
A00515,icmp-echo-reply,UDP,1910,2422,24.063,0,0.073,11,2,benign
A00516,tls-handshake-ok,ICMP,1686,3636,8.145,0,0.295,31,1,benign
A00517,et-dos-synflood,TCP,122427,12154,22.614,29,0.92,350,5,attack
A00518,dns-query-normal,ICMP,788,5468,19.677,0,0.321,37,2,benign
A00519,tls-handshake-ok,TCP,1200,2423,14.642,0,0.431,27,2,benign
A00520,policy-allowed-http,TCP,1065,1104,15.047,0,0.361,24,2,benign
A00521,et-dos-synflood,TCP,150569,4168,8.972,39,0.823,411,3,attack
A00522,et-scan-portscan,TCP,252591,2022,22.611,33,0.83,86,4,attack
A00523,dns-query-normal,TCP,2960,3126,24.15,1,0.177,3,2,benign
A00524,dns-query-normal,TCP,1922,2483,24.825,1,0.089,10,2,benign
A00525,tls-handshake-ok,TCP,3833,5037,1.261,1,0.081,39,2,benign
A00526,et-malware-c2-beacon,TCP,120432,1977,19.498,15,0.649,128,4,attack
A00527,icmp-echo-reply,TCP,4419,5802,2.011,0,0.436,11,1,benign
A00528,dns-query-normal,TCP,1520,2412,4.137,0,0.225,15,1,benign
A00529,tls-handshake-ok,TCP,2839,2310,11.389,1,0.198,34,1,benign
A00530,et-bruteforce-ssh,TCP,115475,9328,6.201,26,0.762,57,4,attack
A00531,tls-handshake-ok,TCP,903,5621,7.314,0,0.268,37,1,benign
A00532,et-dos-synflood,TCP,202936,2942,19.455,36,0.797,70,4,attack
A00533,icmp-echo-reply,TCP,4396,3203,21.752,1,0.296,7,2,benign
A00534,dns-query-normal,TCP,4509,3364,18.106,1,0.15,28,2,benign
A00535,tls-handshake-ok,TCP,651,4284,11.428,0,0.474,15,2,benign
A00536,et-scan-portscan,TCP,523457,9068,8.234,11,0.715,498,3,attack
A00537,icmp-echo-reply,TCP,1426,3181,23.918,1,0.129,2,2,benign
A00538,et-malware-c2-beacon,ICMP,40306,6608,4.209,31,0.876,324,3,attack
A00539,policy-allowed-http,TCP,4691,2209,27.655,1,0.313,38,1,benign
A00540,icmp-echo-reply,TCP,1084,2269,3.236,0,0.071,3,2,benign
A00541,dns-query-normal,TCP,1176,3065,6.517,0,0.327,32,2,benign
A00542,et-scan-portscan,UDP,46875,2167,6.207,36,0.912,82,5,attack
A00543,policy-allowed-http,TCP,1061,5510,26.612,1,0.389,9,2,benign
A00544,dns-query-normal,UDP,742,2449,27.059,1,0.289,39,1,benign
A00545,policy-allowed-http,UDP,871,1969,18.566,1,0.124,26,1,benign
A00546,tls-handshake-ok,UDP,833,5421,19.281,0,0.287,27,2,benign
A00547,dns-query-normal,UDP,1215,1155,29.187,0,0.159,31,1,benign
A00548,icmp-echo-reply,TCP,2066,2281,17.46,1,0.308,18,1,benign
A00549,et-bruteforce-ssh,TCP,344473,6990,10.426,31,0.868,276,5,attack
A00550,et-scan-portscan,TCP,104255,5806,6.252,6,0.674,100,5,attack
A00551,icmp-echo-reply,TCP,3652,1862,26.979,1,0.108,18,1,benign
A00552,dns-query-normal,UDP,3453,6578,18.908,0,0.275,33,2,benign
A00553,et-bruteforce-ssh,UDP,217035,5752,7.389,20,0.891,402,5,attack
A00554,tls-handshake-ok,TCP,2001,788,15.029,1,0.453,10,2,benign
A00555,dns-query-normal,TCP,2699,4687,11.565,0,0.058,11,1,benign
A00556,et-bruteforce-ssh,UDP,172614,3841,9.391,10,0.74,194,4,attack
A00557,dns-query-normal,UDP,1374,1804,7.109,0,0.165,12,2,benign
A00558,dns-query-normal,UDP,2839,7604,12.79,0,0.368,14,1,benign
A00559,et-scan-portscan,TCP,375059,4609,20.91,5,0.751,73,3,attack
A00560,tls-handshake-ok,TCP,1770,3114,20.332,1,0.417,38,1,benign
A00561,icmp-echo-reply,TCP,1630,1928,2.976,1,0.155,5,2,benign
A00562,et-bruteforce-ssh,TCP,78536,1071,21.258,3,0.832,188,3,attack
A00563,tls-handshake-ok,TCP,2548,1881,18.696,1,0.117,37,2,benign
A00564,icmp-echo-reply,TCP,4127,1757,21.691,1,0.156,2,1,benign
A00565,dns-query-normal,TCP,1148,794,5.349,0,0.162,6,2,benign
A00566,dns-query-normal,TCP,3605,3049,28.839,1,0.233,29,1,benign
A00567,icmp-echo-reply,TCP,1812,1878,25.381,0,0.477,7,1,benign
A00568,tls-handshake-ok,TCP,838,6112,18.888,0,0.334,26,1,benign
A00569,icmp-echo-reply,TCP,580,2668,9.213,1,0.463,6,2,benign
A00570,dns-query-normal,TCP,1702,1107,12.053,0,0.289,27,1,benign
A00571,tls-handshake-ok,ICMP,2387,8390,6.442,1,0.141,36,2,benign
A00572,et-scan-portscan,TCP,731737,2861,25.878,29,0.821,78,4,attack
A00573,et-scan-portscan,TCP,150483,2354,10.472,9,0.86,94,3,attack
A00574,et-dos-synflood,TCP,400839,1676,18.758,28,0.853,352,4,attack
A00575,dns-query-normal,TCP,1098,6360,25.859,1,0.475,1,2,benign
A00576,dns-query-normal,TCP,6730,1243,25.524,0,0.086,28,1,benign
A00577,tls-handshake-ok,UDP,3335,1742,12.79,0,0.051,25,2,benign
A00578,icmp-echo-reply,TCP,2218,3289,20.674,1,0.131,14,2,benign
A00579,et-scan-portscan,TCP,472579,2262,16.646,12,0.939,201,4,attack
A00580,tls-handshake-ok,UDP,1648,6207,7.858,0,0.436,1,2,benign
A00581,et-exploit-sql-injection,TCP,178410,1473,25.643,10,0.606,467,5,attack
A00582,policy-allowed-http,TCP,1221,5316,22.54,0,0.349,3,1,benign
A00583,et-scan-portscan,TCP,148298,2275,6.338,34,0.901,137,4,attack
A00584,dns-query-normal,TCP,2780,1378,14.938,1,0.158,9,1,benign
A00585,et-dos-synflood,TCP,414161,1248,11.719,22,0.933,177,3,attack
A00586,dns-query-normal,TCP,1637,5034,14.46,0,0.466,25,1,benign
A00587,et-scan-portscan,UDP,887635,1191,1.928,13,0.935,206,5,attack
A00588,icmp-echo-reply,TCP,2046,1289,22.698,0,0.42,14,1,benign
A00589,policy-allowed-http,TCP,1253,3862,15.508,1,0.071,1,2,benign
A00590,dns-query-normal,TCP,3248,1221,9.07,0,0.289,37,2,benign
A00591,dns-query-normal,TCP,1559,8752,26.399,0,0.196,12,1,benign
A00592,tls-handshake-ok,TCP,1995,1739,6.744,1,0.436,7,2,benign
A00593,et-bruteforce-ssh,TCP,383192,1348,6.304,38,0.85,418,4,attack
A00594,et-bruteforce-ssh,TCP,338652,3795,3.601,28,0.714,468,3,attack
A00595,icmp-echo-reply,ICMP,2308,4500,29.585,1,0.141,14,1,benign
A00596,tls-handshake-ok,TCP,2935,3605,9.071,1,0.052,32,2,benign
A00597,dns-query-normal,TCP,514,14736,24.215,0,0.371,35,1,benign
A00598,tls-handshake-ok,TCP,3261,3770,27.835,0,0.089,33,1,benign
A00599,icmp-echo-reply,UDP,973,10458,6.118,1,0.096,18,2,benign
A00600,icmp-echo-reply,TCP,1531,3572,20.57,1,0.145,37,1,benign
A00601,tls-handshake-ok,TCP,1688,1800,18.86,1,0.324,29,2,benign
A00602,et-scan-portscan,TCP,163278,3117,17.39,33,0.824,258,4,attack
A00603,tls-handshake-ok,ICMP,3359,2926,9.641,0,0.213,13,2,benign
A00604,icmp-echo-reply,TCP,2924,17023,23.656,1,0.448,4,2,benign
A00605,policy-allowed-http,UDP,2667,1729,5.582,1,0.272,4,2,benign
A00606,policy-allowed-http,UDP,455,697,19.211,1,0.436,1,1,benign
A00607,policy-allowed-http,TCP,1576,4573,8.399,1,0.166,22,1,benign
A00608,policy-allowed-http,ICMP,1477,1744,8.08,0,0.164,38,1,benign
A00609,icmp-echo-reply,TCP,2368,5004,6.202,1,0.362,33,2,benign
A00610,dns-query-normal,TCP,1728,1605,14.216,1,0.427,38,2,benign
A00611,icmp-echo-reply,TCP,4354,4568,11.94,1,0.455,12,1,benign
A00612,tls-handshake-ok,TCP,878,9048,6.911,0,0.075,5,1,benign
A00613,dns-query-normal,TCP,1154,2502,10.583,0,0.367,11,2,benign
A00614,et-scan-portscan,TCP,318098,3735,21.556,14,0.886,212,3,attack
A00615,icmp-echo-reply,TCP,531,1946,0.181,1,0.441,35,2,benign
A00616,tls-handshake-ok,TCP,772,3187,1.292,0,0.448,10,2,benign
A00617,dns-query-normal,TCP,1327,2756,26.295,1,0.059,33,1,benign
A00618,tls-handshake-ok,TCP,8870,5430,13.176,0,0.137,12,1,benign
A00619,tls-handshake-ok,TCP,1021,1124,4.367,0,0.445,21,2,benign
A00620,dns-query-normal,TCP,9166,2456,24.44,1,0.438,11,1,benign
A00621,icmp-echo-reply,TCP,1278,4617,0.487,0,0.306,23,1,benign
A00622,icmp-echo-reply,TCP,3230,4698,11.705,1,0.252,7,2,benign
A00623,icmp-echo-reply,TCP,2731,8035,17.865,0,0.101,6,1,benign
A00624,et-malware-c2-beacon,TCP,115188,871,13.885,39,0.924,360,3,attack
A00625,dns-query-normal,TCP,1501,3890,22.231,0,0.452,30,2,benign
A00626,dns-query-normal,TCP,4850,1112,11.215,1,0.119,1,1,benign
A00627,policy-allowed-http,TCP,3400,3076,24.64,0,0.056,14,1,benign
A00628,icmp-echo-reply,UDP,5158,1415,11.88,1,0.198,9,1,benign
A00629,icmp-echo-reply,TCP,1399,1695,29.741,0,0.199,25,2,benign
A00630,et-bruteforce-ssh,UDP,83908,4157,19.82,15,0.656,431,3,attack
A00631,policy-allowed-http,TCP,1518,5989,28.448,0,0.458,35,1,benign
A00632,tls-handshake-ok,TCP,965,2253,0.192,1,0.259,23,1,benign
A00633,et-exploit-sql-injection,TCP,244489,1539,16.89,18,0.632,211,3,attack
A00634,et-dos-synflood,TCP,1131362,2724,24.133,34,0.613,413,4,attack
A00635,icmp-echo-reply,TCP,2485,2036,24.428,1,0.162,35,2,benign
A00636,tls-handshake-ok,ICMP,890,5565,27.989,0,0.283,12,2,benign
A00637,et-dos-synflood,TCP,253115,2143,16.97,22,0.891,474,3,attack
A00638,icmp-echo-reply,TCP,2160,1705,18.099,1,0.354,14,1,benign
A00639,dns-query-normal,TCP,1379,1994,18.218,0,0.063,12,2,benign
A00640,et-bruteforce-ssh,TCP,339922,4612,26.305,9,0.678,497,5,attack
A00641,dns-query-normal,UDP,1745,7389,5.115,1,0.24,13,1,benign
A00642,tls-handshake-ok,UDP,1637,3963,13.026,1,0.434,3,2,benign
A00643,policy-allowed-http,TCP,1423,1453,29.887,0,0.362,26,2,benign
A00644,policy-allowed-http,UDP,2767,1977,13.747,0,0.108,26,2,benign
A00645,et-dos-synflood,TCP,102259,5064,26.773,19,0.659,281,4,attack
A00646,policy-allowed-http,TCP,5758,6971,18.33,1,0.112,18,2,benign
A00647,policy-allowed-http,TCP,5007,11515,26.787,0,0.149,7,1,benign
A00648,icmp-echo-reply,TCP,958,1288,21.91,0,0.36,39,2,benign
A00649,icmp-echo-reply,TCP,2028,4331,27.988,1,0.222,21,1,benign
A00650,policy-allowed-http,UDP,1056,5219,5.48,0,0.251,12,2,benign
A00651,icmp-echo-reply,TCP,1716,2666,27.111,0,0.107,11,1,benign
A00652,policy-allowed-http,UDP,2278,2249,21.555,1,0.241,6,1,benign
A00653,dns-query-normal,TCP,889,4541,24.232,1,0.215,36,1,benign
A00654,dns-query-normal,TCP,1265,3633,12.725,1,0.072,38,2,benign
A00655,dns-query-normal,TCP,1806,3484,19.549,0,0.109,37,1,benign
A00656,et-dos-synflood,TCP,322384,7398,29.851,9,0.929,89,5,attack
A00657,policy-allowed-http,TCP,1505,790,7.6,0,0.287,36,1,benign
A00658,dns-query-normal,TCP,4287,2487,24.804,0,0.179,18,1,benign
A00659,tls-handshake-ok,TCP,1787,2236,29.605,0,0.411,29,1,benign
A00660,icmp-echo-reply,TCP,7099,1281,4.957,1,0.289,7,1,benign
A00661,et-exploit-sql-injection,TCP,183811,3040,29.777,17,0.768,452,4,attack
A00662,dns-query-normal,TCP,1197,6093,23.532,0,0.32,28,1,benign
A00663,dns-query-normal,UDP,1034,4734,15.131,1,0.1,2,1,benign
A00664,et-bruteforce-ssh,TCP,57108,3170,12.121,24,0.951,285,3,attack
A00665,icmp-echo-reply,TCP,1109,1823,23.03,1,0.208,28,1,benign
A00666,et-dos-synflood,TCP,95519,6635,22.982,7,0.71,268,5,attack
A00667,tls-handshake-ok,UDP,1742,2993,1.253,0,0.12,14,1,benign
A00668,policy-allowed-http,TCP,1786,2070,3.857,1,0.486,21,1,benign
A00669,et-bruteforce-ssh,TCP,174158,1391,1.246,28,0.996,105,5,attack
A00670,et-exploit-sql-injection,TCP,655967,1912,12.295,24,0.664,166,4,attack
A00671,icmp-echo-reply,TCP,900,1999,29.385,1,0.288,7,1,benign
A00672,dns-query-normal,TCP,3544,2336,24.362,0,0.153,1,2,benign
A00673,policy-allowed-http,TCP,1201,1512,20.252,1,0.146,31,2,benign
A00674,dns-query-normal,TCP,1589,7313,29.369,0,0.414,31,2,benign
A00675,dns-query-normal,TCP,3558,6462,27.236,0,0.383,9,2,benign
A00676,icmp-echo-reply,UDP,1026,1351,4.928,0,0.177,12,2,benign
A00677,icmp-echo-reply,TCP,1319,2019,4.114,1,0.184,17,2,benign
A00678,et-bruteforce-ssh,ICMP,268172,10051,20.65,11,0.945,64,3,attack
A00679,dns-query-normal,TCP,971,2628,25.114,1,0.296,39,2,benign
A00680,et-malware-c2-beacon,ICMP,113767,4657,28.843,34,0.874,433,5,attack
A00681,tls-handshake-ok,ICMP,2531,1976,3.35,1,0.445,11,2,benign
A00682,tls-handshake-ok,TCP,3548,2742,2.918,1,0.193,37,2,benign
A00683,policy-allowed-http,TCP,3500,1287,4.126,0,0.362,14,2,benign
A00684,et-scan-portscan,UDP,234071,3158,19.079,19,0.99,436,4,attack
A00685,et-dos-synflood,TCP,66723,897,21.002,23,0.913,361,3,attack
A00686,policy-allowed-http,TCP,1177,1241,3.151,1,0.312,2,1,benign
A00687,et-dos-synflood,TCP,54851,1470,6.949,31,0.868,254,5,attack
A00688,tls-handshake-ok,TCP,1049,7951,15.992,1,0.314,29,2,benign
A00689,et-bruteforce-ssh,UDP,218245,2836,21.271,38,0.977,430,3,attack
A00690,dns-query-normal,TCP,1830,7820,20.451,1,0.422,38,1,benign
A00691,policy-allowed-http,TCP,1289,1171,21.179,1,0.131,31,1,benign
A00692,policy-allowed-http,TCP,2097,4369,29.031,1,0.441,17,2,benign
A00693,et-scan-portscan,TCP,66108,4180,18.22,33,0.807,262,5,attack
A00694,dns-query-normal,TCP,1413,3529,13.159,1,0.247,2,2,benign
A00695,et-malware-c2-beacon,TCP,176995,8740,3.919,35,0.839,175,5,attack
A00696,et-bruteforce-ssh,TCP,159176,13223,10.611,12,0.69,396,4,attack
A00697,icmp-echo-reply,TCP,2168,1370,23.984,1,0.342,37,1,benign
A00698,tls-handshake-ok,TCP,1801,5038,17.904,0,0.181,10,1,benign
A00699,policy-allowed-http,TCP,4670,6814,11.342,0,0.195,37,2,benign
A00700,icmp-echo-reply,TCP,707,5728,19.386,0,0.452,7,1,benign
A00701,dns-query-normal,TCP,1856,1592,15.264,1,0.431,37,2,benign
A00702,policy-allowed-http,TCP,1813,4225,28.569,1,0.229,22,1,benign
A00703,dns-query-normal,TCP,3327,1680,1.078,0,0.059,33,1,benign
A00704,icmp-echo-reply,UDP,1074,922,22.971,0,0.43,9,2,benign
A00705,icmp-echo-reply,TCP,3354,4893,0.045,0,0.364,20,1,benign
A00706,icmp-echo-reply,TCP,1339,1440,1.703,1,0.298,18,1,benign
A00707,tls-handshake-ok,TCP,1183,2744,19.569,0,0.27,37,2,benign
A00708,et-exploit-sql-injection,TCP,123158,1802,10.786,18,0.962,117,4,attack
A00709,et-bruteforce-ssh,TCP,104231,1826,0.572,6,0.901,224,3,attack
A00710,et-scan-portscan,TCP,100333,2471,19.409,34,0.656,196,5,attack
A00711,icmp-echo-reply,UDP,1466,4132,21.313,1,0.377,38,2,benign
A00712,dns-query-normal,TCP,2429,1452,21.213,0,0.086,11,1,benign
A00713,dns-query-normal,TCP,2673,1647,18.309,0,0.489,26,1,benign
A00714,dns-query-normal,UDP,1101,1900,23.013,1,0.486,18,2,benign
A00715,et-exploit-sql-injection,TCP,352817,10782,5.842,3,0.969,282,5,attack
A00716,et-malware-c2-beacon,TCP,103119,7520,22.83,25,0.937,428,4,attack
A00717,et-dos-synflood,ICMP,44211,882,12.007,10,0.652,261,3,attack
A00718,et-scan-portscan,TCP,464947,918,10.313,37,0.824,171,5,attack
A00719,policy-allowed-http,TCP,3344,4290,22.67,0,0.426,28,2,benign
A00720,et-bruteforce-ssh,TCP,34893,11211,27.259,20,0.816,126,5,attack
A00721,tls-handshake-ok,TCP,782,4589,11.256,1,0.24,36,2,benign
A00722,policy-allowed-http,TCP,770,8956,12.905,0,0.193,25,1,benign
A00723,policy-allowed-http,UDP,1287,6013,27.206,1,0.467,2,2,benign
A00724,icmp-echo-reply,TCP,3013,1206,13.065,1,0.175,34,2,benign
A00725,policy-allowed-http,UDP,966,2632,27.935,1,0.205,11,1,benign
A00726,et-scan-portscan,TCP,187399,2872,16.907,19,0.607,276,4,attack
A00727,et-scan-portscan,TCP,88745,1448,8.392,26,0.659,332,5,attack
A00728,policy-allowed-http,TCP,684,4123,10.589,0,0.123,11,1,benign
A00729,policy-allowed-http,UDP,927,4099,23.633,0,0.341,12,2,benign
A00730,et-malware-c2-beacon,UDP,65214,1969,11.869,16,0.732,147,3,attack
A00731,policy-allowed-http,UDP,4318,3232,25.837,1,0.311,26,2,benign
A00732,et-bruteforce-ssh,TCP,21086,1999,19.239,36,0.838,281,5,attack
A00733,et-malware-c2-beacon,TCP,35577,1157,19.633,29,0.801,430,5,attack
A00734,et-exploit-sql-injection,TCP,153545,9677,23.473,3,0.644,392,3,attack
A00735,et-bruteforce-ssh,UDP,270479,3805,21.461,25,0.903,184,3,attack
A00736,et-exploit-sql-injection,TCP,188409,2553,5.072,36,0.873,145,3,attack
A00737,dns-query-normal,TCP,5122,2664,9.318,0,0.111,22,2,benign
A00738,et-scan-portscan,TCP,146912,3410,7.04,37,0.7,107,5,attack
A00739,et-bruteforce-ssh,TCP,597232,6881,8.295,21,0.619,202,4,attack
A00740,tls-handshake-ok,TCP,1477,4944,18.712,1,0.065,29,2,benign
A00741,policy-allowed-http,TCP,1568,4888,12.105,1,0.234,7,2,benign
A00742,policy-allowed-http,TCP,1017,3619,29.865,0,0.336,4,2,benign
A00743,tls-handshake-ok,TCP,4214,3054,25.014,0,0.449,39,2,benign
A00744,icmp-echo-reply,TCP,2851,2721,21.146,0,0.113,30,2,benign
A00745,policy-allowed-http,TCP,919,1550,18.648,0,0.353,1,2,benign
A00746,policy-allowed-http,TCP,2322,3309,2.685,1,0.325,23,1,benign
A00747,icmp-echo-reply,UDP,809,1172,17.993,0,0.414,10,2,benign
A00748,policy-allowed-http,TCP,953,1313,9.786,0,0.269,30,2,benign
A00749,tls-handshake-ok,TCP,1732,1487,24.945,0,0.168,13,2,benign
A00750,policy-allowed-http,TCP,3096,1575,20.376,1,0.456,27,2,benign
A00751,dns-query-normal,TCP,1143,2226,24.925,0,0.089,20,2,benign
A00752,icmp-echo-reply,TCP,4214,4040,17.252,0,0.066,11,1,benign
A00753,et-scan-portscan,TCP,160471,3146,25.134,30,0.682,73,4,attack
A00754,et-malware-c2-beacon,ICMP,212293,3327,19.212,23,0.952,317,5,attack
A00755,policy-allowed-http,TCP,1471,1370,29.638,1,0.371,7,2,benign
A00756,dns-query-normal,TCP,1925,2559,6.842,0,0.28,4,2,benign
A00757,dns-query-normal,TCP,2959,2642,10.154,0,0.381,29,2,benign
A00758,tls-handshake-ok,TCP,2781,11286,16.715,1,0.381,35,2,benign
A00759,icmp-echo-reply,TCP,1209,1986,15.887,1,0.426,4,1,benign
A00760,et-exploit-sql-injection,TCP,596212,3778,29.686,29,0.754,149,4,attack
A00761,dns-query-normal,TCP,2120,2622,28.53,0,0.398,38,1,benign
A00762,et-bruteforce-ssh,TCP,282908,1098,11.018,23,0.759,332,3,attack
A00763,policy-allowed-http,ICMP,1442,2164,6.744,0,0.353,12,2,benign
A00764,policy-allowed-http,TCP,2715,2594,5.357,1,0.353,7,1,benign
A00765,dns-query-normal,TCP,2774,2575,21.541,0,0.145,24,1,benign
A00766,et-dos-synflood,TCP,325565,3108,6.228,31,0.989,156,4,attack
A00767,et-malware-c2-beacon,TCP,117262,6220,18.473,6,0.667,385,5,attack
A00768,icmp-echo-reply,TCP,4666,1326,23.056,1,0.167,32,1,benign
A00769,policy-allowed-http,TCP,1711,1688,11.082,1,0.07,18,2,benign
A00770,tls-handshake-ok,TCP,6017,1946,18.891,1,0.266,22,2,benign
A00771,tls-handshake-ok,TCP,5329,6007,5.243,1,0.105,31,2,benign
A00772,policy-allowed-http,TCP,1375,1426,23.188,1,0.448,22,1,benign
A00773,tls-handshake-ok,TCP,1332,6383,5.558,0,0.325,4,1,benign
A00774,icmp-echo-reply,TCP,1534,1155,11.624,0,0.152,23,1,benign
A00775,dns-query-normal,TCP,968,8369,28.736,1,0.481,18,1,benign
A00776,dns-query-normal,ICMP,1959,2164,25.402,1,0.476,20,1,benign
A00777,tls-handshake-ok,TCP,1959,3135,21.797,1,0.454,38,1,benign
A00778,et-bruteforce-ssh,TCP,153446,2311,27.415,4,0.911,108,4,attack
A00779,et-malware-c2-beacon,TCP,327942,5087,3.481,18,0.886,257,4,attack
A00780,dns-query-normal,UDP,2937,2061,0.547,0,0.056,7,2,benign
A00781,tls-handshake-ok,TCP,1468,13146,26.626,0,0.139,25,2,benign
A00782,tls-handshake-ok,TCP,643,2415,11.912,0,0.072,7,1,benign
A00783,dns-query-normal,TCP,496,1619,18.915,1,0.375,39,2,benign
A00784,policy-allowed-http,UDP,620,1469,29.165,1,0.435,23,2,benign
A00785,dns-query-normal,TCP,1703,3795,22.58,0,0.143,36,1,benign
A00786,dns-query-normal,TCP,1094,15478,1.625,1,0.167,21,2,benign
A00787,dns-query-normal,TCP,3577,8312,0.615,0,0.36,17,1,benign
A00788,et-malware-c2-beacon,UDP,201542,2372,6.193,29,0.704,456,4,attack
A00789,et-malware-c2-beacon,UDP,327556,2801,7.569,19,0.86,244,4,attack
A00790,policy-allowed-http,TCP,1896,4212,13.955,0,0.377,33,2,benign
A00791,et-dos-synflood,UDP,334903,2251,17.934,25,0.775,306,5,attack
A00792,dns-query-normal,UDP,3121,2544,16.78,0,0.299,7,2,benign
A00793,et-scan-portscan,TCP,670284,344,23.235,27,0.785,347,4,attack
A00794,et-scan-portscan,TCP,74914,3369,20.269,12,0.724,240,4,attack
A00795,et-exploit-sql-injection,UDP,159634,2491,29.179,21,0.857,349,5,attack
A00796,icmp-echo-reply,UDP,1451,805,5.24,0,0.209,27,2,benign
A00797,icmp-echo-reply,TCP,818,3644,8.223,1,0.232,13,2,benign
A00798,tls-handshake-ok,TCP,10861,783,14.693,1,0.261,16,1,benign
A00799,et-malware-c2-beacon,TCP,54599,4388,1.394,15,0.761,303,4,attack
A00800,dns-query-normal,TCP,2219,1727,10.484,0,0.086,32,1,benign
A00801,icmp-echo-reply,TCP,3066,266,16.158,0,0.451,35,1,benign
A00802,dns-query-normal,TCP,1131,4259,16.08,0,0.135,14,2,benign
A00803,et-scan-portscan,ICMP,206278,2895,24.42,23,0.927,421,5,attack
A00804,et-scan-portscan,ICMP,25275,2540,17.961,5,0.841,52,3,attack
A00805,tls-handshake-ok,TCP,1655,8091,28.393,0,0.361,3,2,benign
A00806,tls-handshake-ok,TCP,502,5269,26.496,1,0.203,5,1,benign
A00807,icmp-echo-reply,TCP,1764,6555,12.011,0,0.256,6,2,benign
A00808,icmp-echo-reply,TCP,1932,6743,0.799,0,0.384,39,1,benign
A00809,et-bruteforce-ssh,TCP,662757,2505,8.165,23,0.622,285,3,attack
A00810,et-dos-synflood,UDP,491224,9244,16.572,38,0.809,470,3,attack
A00811,icmp-echo-reply,TCP,5033,6653,20.13,0,0.492,2,2,benign
A00812,tls-handshake-ok,TCP,1307,5799,0.165,1,0.08,29,2,benign
A00813,et-bruteforce-ssh,TCP,191156,308,23.032,27,0.659,359,4,attack
A00814,tls-handshake-ok,UDP,926,2715,4.949,0,0.405,21,2,benign
A00815,dns-query-normal,TCP,942,3233,29.304,1,0.404,12,1,benign
A00816,dns-query-normal,UDP,1150,4118,29.087,0,0.29,31,2,benign
A00817,tls-handshake-ok,TCP,4660,4422,24.754,1,0.175,2,2,benign
A00818,policy-allowed-http,TCP,2244,1395,18.232,0,0.088,36,1,benign
A00819,tls-handshake-ok,TCP,1625,7586,17.846,1,0.074,17,1,benign
A00820,et-exploit-sql-injection,TCP,422341,1223,12.431,28,0.872,121,4,attack
A00821,dns-query-normal,UDP,3800,3904,26.603,0,0.151,12,1,benign
A00822,icmp-echo-reply,TCP,2670,2295,10.328,0,0.123,39,2,benign
A00823,policy-allowed-http,UDP,938,1315,19.359,0,0.072,5,1,benign
A00824,icmp-echo-reply,TCP,1513,1167,13.461,0,0.494,24,1,benign
A00825,et-dos-synflood,TCP,1119897,17801,24.531,13,0.699,280,5,attack
A00826,et-malware-c2-beacon,UDP,61748,2409,21.046,23,0.869,472,5,attack
A00827,icmp-echo-reply,UDP,874,1673,27.375,0,0.293,11,1,benign
A00828,dns-query-normal,TCP,903,3238,14.316,0,0.27,28,1,benign
A00829,policy-allowed-http,TCP,790,1248,6.352,1,0.297,30,1,benign
A00830,dns-query-normal,TCP,936,8848,7.241,0,0.255,5,2,benign
A00831,dns-query-normal,TCP,1713,3108,8.179,0,0.491,18,1,benign
A00832,policy-allowed-http,TCP,1351,2205,8.264,0,0.248,27,1,benign
A00833,icmp-echo-reply,UDP,1158,3121,13.983,0,0.461,37,2,benign
A00834,policy-allowed-http,TCP,2070,994,10.421,0,0.211,37,1,benign
A00835,policy-allowed-http,TCP,501,8869,15.562,0,0.174,31,2,benign
A00836,policy-allowed-http,UDP,1947,4663,27.265,0,0.207,12,1,benign
A00837,policy-allowed-http,TCP,854,1743,3.356,1,0.41,14,2,benign
A00838,icmp-echo-reply,TCP,2079,2400,12.633,1,0.434,11,2,benign
A00839,et-bruteforce-ssh,TCP,25243,3038,11.843,19,0.779,340,4,attack
A00840,tls-handshake-ok,UDP,840,5533,10.022,1,0.119,5,2,benign
A00841,et-bruteforce-ssh,TCP,92714,2918,19.486,10,0.647,218,5,attack
A00842,dns-query-normal,ICMP,1467,1107,19.558,1,0.162,26,2,benign
A00843,policy-allowed-http,TCP,2186,9617,0.972,1,0.231,30,1,benign
A00844,icmp-echo-reply,TCP,3275,1760,14.562,1,0.196,22,2,benign
A00845,icmp-echo-reply,TCP,2082,1165,17.925,0,0.437,30,2,benign
A00846,tls-handshake-ok,TCP,3210,2418,17.46,0,0.082,28,2,benign
A00847,et-malware-c2-beacon,TCP,56958,6879,28.212,25,0.749,343,4,attack
A00848,et-exploit-sql-injection,ICMP,179157,7721,4.139,5,0.965,96,5,attack
A00849,tls-handshake-ok,TCP,2207,974,26.325,1,0.307,33,1,benign
A00850,et-malware-c2-beacon,TCP,226591,3033,14.154,22,0.861,489,5,attack
A00851,et-dos-synflood,TCP,33062,2547,27.016,36,0.795,149,5,attack
A00852,dns-query-normal,UDP,2600,5592,7.976,0,0.07,12,2,benign
A00853,tls-handshake-ok,TCP,1625,2851,25.855,0,0.078,34,2,benign
A00854,icmp-echo-reply,TCP,4452,1692,24.425,1,0.117,34,2,benign
A00855,icmp-echo-reply,UDP,367,4685,2.135,1,0.274,20,2,benign
A00856,icmp-echo-reply,ICMP,852,1814,23.099,1,0.217,4,2,benign
A00857,tls-handshake-ok,TCP,1686,2824,14.121,1,0.251,28,1,benign
A00858,tls-handshake-ok,TCP,6120,2891,2.893,0,0.21,3,2,benign
A00859,et-exploit-sql-injection,TCP,431061,1609,10.315,18,0.718,278,3,attack
A00860,icmp-echo-reply,TCP,630,3333,24.971,1,0.448,27,2,benign
A00861,et-malware-c2-beacon,TCP,113065,8406,3.756,5,0.666,218,5,attack
A00862,et-scan-portscan,TCP,164770,3351,25.12,31,0.907,254,4,attack
A00863,et-exploit-sql-injection,TCP,85767,5467,3.055,37,0.854,248,4,attack
A00864,policy-allowed-http,TCP,5089,3429,6.84,0,0.247,25,1,benign
A00865,icmp-echo-reply,ICMP,3028,4386,19.735,1,0.468,24,1,benign
A00866,et-dos-synflood,TCP,167967,1981,28.361,30,0.689,446,5,attack
A00867,icmp-echo-reply,TCP,965,4790,8.799,1,0.18,10,1,benign
A00868,et-scan-portscan,UDP,123299,6652,13.622,6,0.866,281,4,attack
A00869,et-bruteforce-ssh,TCP,42270,1576,13.133,13,0.778,300,3,attack
A00870,policy-allowed-http,UDP,1418,1000,22.018,0,0.442,26,1,benign
A00871,icmp-echo-reply,TCP,3159,4113,5.423,0,0.353,10,2,benign
A00872,tls-handshake-ok,TCP,5288,18004,26.862,1,0.381,10,1,benign
A00873,policy-allowed-http,TCP,3734,5814,18.692,0,0.057,19,2,benign
A00874,dns-query-normal,UDP,2038,2254,25.81,1,0.177,16,1,benign
A00875,dns-query-normal,TCP,1831,7334,22.993,0,0.219,35,2,benign
A00876,policy-allowed-http,TCP,1482,6332,18.906,0,0.26,20,2,benign
A00877,policy-allowed-http,UDP,1434,18515,15.715,1,0.313,12,1,benign
A00878,et-dos-synflood,UDP,109416,4148,24.505,22,0.604,57,3,attack
A00879,icmp-echo-reply,UDP,4611,3015,9.627,1,0.454,10,2,benign
A00880,dns-query-normal,TCP,1005,12358,12.02,1,0.086,17,2,benign
A00881,et-dos-synflood,UDP,106835,3972,4.819,6,0.913,384,4,attack
A00882,dns-query-normal,TCP,1029,1859,14.547,0,0.116,25,1,benign
A00883,et-malware-c2-beacon,TCP,970335,1486,5.316,19,0.64,460,4,attack
A00884,icmp-echo-reply,TCP,1693,1569,6.535,1,0.31,21,2,benign
A00885,et-malware-c2-beacon,TCP,102577,4481,5.223,13,0.886,422,5,attack
A00886,icmp-echo-reply,UDP,639,2261,2.532,0,0.186,9,2,benign
A00887,icmp-echo-reply,TCP,2679,3921,21.974,0,0.266,33,2,benign
A00888,tls-handshake-ok,TCP,1128,2103,16.703,1,0.086,34,2,benign
A00889,icmp-echo-reply,TCP,1613,4520,16.06,0,0.371,19,2,benign
A00890,tls-handshake-ok,TCP,1917,1087,10.838,1,0.449,16,1,benign
A00891,et-dos-synflood,TCP,794529,712,25.907,37,0.977,469,4,attack
A00892,et-scan-portscan,TCP,242020,947,23.2,11,0.604,248,4,attack
A00893,dns-query-normal,UDP,2258,1671,26.592,0,0.498,37,1,benign
A00894,et-exploit-sql-injection,TCP,205427,4046,20.837,11,0.948,349,4,attack
A00895,tls-handshake-ok,TCP,1328,2474,16.688,0,0.28,14,1,benign
A00896,et-bruteforce-ssh,TCP,56539,1084,27.403,4,0.731,130,3,attack
A00897,dns-query-normal,TCP,1564,1369,6.987,1,0.303,29,2,benign
A00898,et-dos-synflood,ICMP,273213,1784,18.352,37,0.835,121,3,attack
A00899,icmp-echo-reply,TCP,4815,2017,26.363,0,0.243,27,1,benign
A00900,tls-handshake-ok,UDP,2830,1415,2.658,1,0.183,6,2,benign
A00901,et-bruteforce-ssh,UDP,172239,1591,7.178,27,0.861,367,4,attack
A00902,policy-allowed-http,TCP,1060,3142,26.878,0,0.166,10,2,benign
A00903,dns-query-normal,UDP,2765,635,8.837,0,0.281,30,1,benign
A00904,policy-allowed-http,TCP,2159,1722,7.126,0,0.414,32,1,benign
A00905,icmp-echo-reply,ICMP,340,4194,2.623,1,0.341,32,2,benign
A00906,policy-allowed-http,UDP,2450,4144,10.936,0,0.117,16,1,benign
A00907,policy-allowed-http,UDP,494,3069,17.61,0,0.287,18,2,benign
A00908,et-malware-c2-beacon,TCP,22231,2869,6.554,6,0.97,204,5,attack
A00909,et-malware-c2-beacon,TCP,42889,1687,28.367,39,0.772,395,4,attack
A00910,et-exploit-sql-injection,TCP,214680,7590,9.356,20,0.888,193,5,attack
A00911,tls-handshake-ok,TCP,639,1858,12.222,0,0.289,27,1,benign
A00912,dns-query-normal,TCP,1562,1968,3.08,1,0.361,16,2,benign
A00913,tls-handshake-ok,TCP,1426,2348,22.134,0,0.468,27,2,benign
A00914,dns-query-normal,TCP,997,3147,16.794,0,0.061,19,2,benign
A00915,et-bruteforce-ssh,UDP,89239,2011,20.892,3,0.715,348,4,attack
A00916,tls-handshake-ok,UDP,1389,3919,27.487,0,0.07,12,2,benign
A00917,tls-handshake-ok,TCP,397,12927,13.556,1,0.414,16,1,benign
A00918,et-bruteforce-ssh,TCP,184968,6536,14.857,36,0.687,359,3,attack
A00919,dns-query-normal,UDP,2840,3361,20.261,1,0.341,17,2,benign
A00920,et-exploit-sql-injection,TCP,43851,3459,4.101,37,0.899,143,5,attack
A00921,et-exploit-sql-injection,TCP,290344,2375,4.042,12,0.616,403,4,attack
A00922,tls-handshake-ok,TCP,3704,5697,5.522,0,0.077,17,1,benign
A00923,dns-query-normal,TCP,1908,3349,11.207,1,0.444,35,2,benign
A00924,policy-allowed-http,TCP,801,1149,2.719,0,0.469,1,2,benign
A00925,icmp-echo-reply,TCP,537,1317,8.182,1,0.164,28,2,benign
A00926,et-malware-c2-beacon,TCP,54445,766,22.376,22,0.798,185,3,attack
A00927,policy-allowed-http,UDP,2394,805,17.676,0,0.395,25,1,benign
A00928,icmp-echo-reply,TCP,757,14688,27.458,0,0.109,34,2,benign
A00929,et-scan-portscan,UDP,182724,1993,12.964,27,0.716,296,3,attack
A00930,policy-allowed-http,TCP,771,3664,18.633,1,0.236,6,1,benign
A00931,tls-handshake-ok,TCP,2809,4044,14.376,0,0.178,3,1,benign
A00932,et-exploit-sql-injection,ICMP,122503,12060,28.537,38,0.864,277,4,attack
A00933,et-scan-portscan,TCP,139886,2722,19.844,7,0.634,480,4,attack
A00934,tls-handshake-ok,TCP,1322,2245,5.621,0,0.319,33,1,benign
A00935,icmp-echo-reply,TCP,2055,1086,9.211,0,0.177,10,2,benign
A00936,icmp-echo-reply,TCP,2584,4247,3.73,1,0.169,38,1,benign
A00937,et-scan-portscan,TCP,148114,2163,2.415,31,0.989,270,4,attack
A00938,icmp-echo-reply,TCP,2945,5135,20.806,1,0.304,33,2,benign
A00939,tls-handshake-ok,TCP,2669,494,18.849,0,0.455,12,1,benign
A00940,et-exploit-sql-injection,UDP,157943,5471,27.408,5,0.741,356,5,attack
A00941,policy-allowed-http,TCP,1185,1723,27.376,1,0.219,22,1,benign
A00942,dns-query-normal,UDP,1439,3897,10.791,1,0.453,33,2,benign
A00943,et-bruteforce-ssh,TCP,423545,3079,3.16,4,0.975,490,5,attack
A00944,dns-query-normal,ICMP,2204,4121,22.719,1,0.5,9,1,benign
A00945,et-malware-c2-beacon,TCP,160998,3596,8.634,39,0.766,391,4,attack
A00946,et-scan-portscan,TCP,546160,2770,19.19,23,0.953,352,3,attack
A00947,icmp-echo-reply,TCP,771,1545,10.951,0,0.224,16,2,benign
A00948,tls-handshake-ok,UDP,1809,6837,15.444,1,0.279,15,1,benign
A00949,tls-handshake-ok,TCP,2779,1967,16.583,0,0.46,33,1,benign
A00950,et-bruteforce-ssh,TCP,65924,1987,4.658,29,0.708,180,4,attack
A00951,tls-handshake-ok,UDP,867,2532,1.403,0,0.213,2,2,benign
A00952,dns-query-normal,TCP,1559,9203,25.317,0,0.243,8,1,benign
A00953,et-dos-synflood,TCP,813037,2189,18.235,9,0.859,438,5,attack
A00954,dns-query-normal,UDP,6371,3933,29.696,0,0.171,20,1,benign
A00955,policy-allowed-http,ICMP,2174,2101,7.443,0,0.303,38,1,benign
A00956,dns-query-normal,TCP,899,3190,5.003,1,0.447,16,2,benign
A00957,icmp-echo-reply,TCP,1487,2428,2.575,0,0.082,30,1,benign
A00958,policy-allowed-http,TCP,1390,2633,10.474,0,0.198,39,2,benign
A00959,policy-allowed-http,TCP,4678,1493,9.135,1,0.47,8,1,benign
A00960,et-scan-portscan,UDP,190453,8383,16.896,20,0.918,285,5,attack
A00961,dns-query-normal,UDP,1049,2394,15.614,0,0.353,25,1,benign
A00962,et-dos-synflood,UDP,107191,1013,24.409,24,0.837,232,3,attack
A00963,policy-allowed-http,TCP,1374,1427,11.654,0,0.36,3,2,benign
A00964,icmp-echo-reply,TCP,6100,5922,1.203,0,0.198,19,1,benign
A00965,et-exploit-sql-injection,UDP,258521,3663,9.165,26,0.972,96,3,attack
A00966,policy-allowed-http,TCP,2536,1538,22.344,0,0.264,37,2,benign
A00967,et-exploit-sql-injection,UDP,862665,2301,19.172,19,0.75,326,5,attack
A00968,tls-handshake-ok,UDP,1529,5014,1.191,1,0.204,20,2,benign
A00969,tls-handshake-ok,TCP,1931,783,0.176,1,0.429,17,2,benign
A00970,et-scan-portscan,UDP,169141,6287,14.577,19,0.818,360,3,attack
A00971,icmp-echo-reply,TCP,1525,4537,13.247,1,0.317,33,2,benign
A00972,icmp-echo-reply,TCP,2176,1561,27.092,0,0.248,7,1,benign
A00973,et-exploit-sql-injection,TCP,203187,3637,11.412,28,0.671,161,4,attack
A00974,icmp-echo-reply,TCP,2829,2876,24.512,1,0.318,30,1,benign
A00975,dns-query-normal,TCP,1543,5746,18.786,0,0.406,33,2,benign
A00976,et-scan-portscan,UDP,79810,6050,17.042,21,0.682,134,3,attack
A00977,dns-query-normal,TCP,2420,1801,12.609,1,0.381,9,2,benign
A00978,et-malware-c2-beacon,UDP,166005,2328,6.765,10,0.888,415,3,attack
A00979,tls-handshake-ok,TCP,1078,994,5.37,1,0.11,39,2,benign
A00980,tls-handshake-ok,UDP,1657,1552,11.265,0,0.142,8,2,benign
A00981,tls-handshake-ok,TCP,872,1278,28.777,1,0.331,26,1,benign
A00982,et-bruteforce-ssh,UDP,111503,3227,3.068,8,0.754,198,5,attack
A00983,et-scan-portscan,UDP,107169,4966,2.835,12,0.632,330,4,attack
A00984,tls-handshake-ok,UDP,5379,3636,29.038,0,0.302,9,2,benign
A00985,icmp-echo-reply,UDP,1247,6083,24.102,0,0.453,29,2,benign
A00986,dns-query-normal,TCP,1040,16936,7.314,1,0.471,29,2,benign
A00987,icmp-echo-reply,UDP,2149,3878,24.285,0,0.182,13,1,benign
A00988,policy-allowed-http,TCP,1752,1320,21.425,1,0.171,18,1,benign
A00989,policy-allowed-http,ICMP,1966,4466,0.352,1,0.217,20,2,benign
A00990,policy-allowed-http,TCP,907,2292,29.201,1,0.349,19,1,benign
A00991,policy-allowed-http,UDP,822,3882,15.092,1,0.332,10,2,benign
A00992,dns-query-normal,TCP,4119,1149,27.674,1,0.256,36,1,benign
A00993,et-exploit-sql-injection,UDP,358767,6692,20.871,9,0.859,331,3,attack
A00994,dns-query-normal,UDP,1345,1867,25.088,1,0.099,12,1,benign
A00995,icmp-echo-reply,TCP,1641,3348,19.307,1,0.111,28,2,benign
A00996,icmp-echo-reply,TCP,3167,7434,28.369,1,0.421,14,2,benign
A00997,icmp-echo-reply,TCP,1683,6461,22.402,0,0.474,25,1,benign
A00998,policy-allowed-http,TCP,1863,2076,13.303,1,0.419,9,2,benign
A00999,tls-handshake-ok,TCP,1033,6281,12.103,0,0.275,2,1,benign
